Boulangerie,Numbers
"Fournil Du Vieux Chene 4 Rue Du Pre Flattot, 39700 Falletans
",
"35 Le Bourg Derriere, 39150 Fort-du-plasne
",
"19 Rue Haute, 39570 Conliege
",
"L'atelier Pain 18 Les Belbenoits, 39150 Nanchez
",
"Boulangerie Thierry Et Claudine Dufay 49 Rue De Besancon, 25220 Thise
",03 81 47 09 71
"Boulangerie Patisserie Manca 16 Rue Rene Laforge, 21320 Pouilly-en-auxois
",03 80 84 49 23
"[nd] [nd] [nd] [nd] [nd] [nd] [nd] [nd], [nd] [nd] Cousance
",
"Nathalie Et Pascal Moreau La Baguette Des Ours 39 Rte De Belchamp, 25700 Valentigney
",03 81 30 99 79
"Chez Stef 14 Imp Des Charbonnieres, Froideville 39230 Vincent-froideville
",
"Voquin Sarl 2 Rue Claude Goudimel, Marche Couvert Des Beaux Arts 25000 Besancon
",
"Unal Production 11 Rue Joseph Jacquard, 21300 Chenove
",
"25 Rue Principale, 25500 Les Fins
",
"Sarl Fevret 1 Bd John Kennedy, 21000 Dijon
",03 80 67 64 12
"Voquin Sarl Le Moulin Des Pains 1 Rue Tristan Bernard, 25000 Besancon
",03 81 61 28 21
"Monnin Mourey 14 Grande Rue, 25170 Emagny
",03 81 63 26 00
"Boulangeries Paul Paul Paul Rue De Dole, Cc Besancon Chateaufarine Zac 25000 Besancon
",03 81 52 35 95
"Legrand Jerome 6 Rue Montalembert, 25120 Maiche
",09 60 19 96 99
"Legrand Jerome 1 Rue Du Clos Jeune, 25500 Morteau
",03 81 43 46 20
"La Couronne D'or L' Epi Dore 2 Rue Octave Japy, 25490 Fesches-le-chatel
",
"Legrand Jerome Bistro Boulange La Liberte 19 Grande Rue, 25140 Charquemont
",
"Cypres Maison Roger 141 Av Gustave Eiffel, 21000 Dijon
",03 80 41 21 93
"Cypres Maison Roger 33 Rue Alfred Changenet, Centre Commercial Cour Margot 21300 Chenove
",
"Cypres Maison Roger 33 Rue Monge, 21000 Dijon
",
"Boulangerie Patisserie Mercier Boulangerie Patisserie Mercier 15 Gr De Bresse, 39230 Chaumergy
",03 84 48 62 13
"B3p Chez Babeth Et Fred 65 Rue Devosge, 21000 Dijon
",03 80 71 35 93
"Cypres 4 Rte De Beaune, 21160 Marsannay-la-cote
",
"Le Panier D'andelot 297 Rte De St Amour, 39320 Andelot-morval
",06 22 91 47 97
"Patrick Martin Pat Patisserie 14 All Des Myosotis, 21490 Ruffey-les-echirey
",07 71 67 84 34
"Boulangeries Bg B B G Boulangerie Marie Blachere 48 Rue De Cracovie, 21000 Dijon
",03 80 38 44 81
"Boulangeries Bg B B G Boulangerie Marie Blachere Rue Rosa Luxemburg, 25110 Baume-les-dames
",03 81 26 76 25
"Boulangeries Bg B B G Boulangerie Marie Blachere Rue Chevru, Espace Du Mont Rivel 39300 Champagnole
",
"Boulangeries Bg B B G Boulangerie Marie Blachere Rue D Epinal, 25600 Sochaux
",
"Sarl Verdant Marc Marc Verdant Rue Paul Edouard Dubied, Parc D'activites Des Gravilliers 25300 Pontarlier
",
"Erhard Patissier Glacier Epg E.v.t. 4 Rue Albert Thomas, 25000 Besancon
",03 39 40 00 37
"Boulangeries Bg B B G Boulangerie Marie Blachere Rue De La Liberation, 25300 Pontarlier
",03 81 39 65 88
"Cote Boulange Boulangerie De Marie Blachere Boulangerie Marie Blachere 40 Rue De Pontarlier, 25600 Sochaux
",
"Cote Boulange Boulangerie De Marie Blachere Boulangerie Marie Blachere 20 Rue Blaise Pascal, 25000 Besancon
",03 81 84 63 50
"Cote Boulange Boulangerie De Marie Blachere Boulangerie Marie Blachere 1 Rue Des Ruchottes, 21121 Ahuy
",03 80 71 15 51
"Cote Boulange Boulangerie De Marie Blachere Boulangerie Marie Blachere Zac De Chantrans, 39570 Montmorot
",03 84 44 07 52
"Jaye Artisan - Boulanger 1 Rte De Dijon, 21170 Saint-usage
",03 80 29 09 94
"Le Fournil De Mon Pere Le Fournil De Mon Pere 5 Rue Du Commandant Rolland, 25310 Herimoncourt
",03 81 35 71 02
"Sarl Racine Laurence Et Christophe La Gourmandise De Cadet Roussel Boulangerie Racine 6 Av De Franche Comte, 39270 Orgelet
",
"Sarl Racine Laurence Et Christophe Sarl Boulangerie Racine La Gourmandise De Cadet Roussel Sarl Boulangerie Racine 7 Pl De L'eglise, 39240 Arinthod
",
"Sarl Colney Didier 123 Rue De Belfort, 25000 Besancon
",
"Sarl Colney Didier 11 Rte Nationale, 25220 Roche-lez-beaupre
",
"Goy Perrenoud Boulangerie Goy Remi 2 Rue De Neufchatel, 25500 Montlebon
",
"Boulangerie Millardet 7 Rue Montalembert, 25120 Maiche
",03 81 64 00 74
"Sarl Bruma Boulangerie Patisserie Fabien Bruckert Boulangerie Patisserie Fabien Bruckert Tendre Et Craquant 24 Rue Du General De Gaulle, 21760 Lamarche-sur-saone
",03 80 47 16 59
"Sarl Bruma La Romane Boulangerie Patisserie Fabien Bruckert La Romane 19 Rue Du 8 Mai 1945, 21270 Pontailler-sur-saone
",
"Eurl Bert La Festival La Festival 13 Av Carnot, 25000 Besancon
",
"Le Fournil De Flavigny 21 Rue De L Abbaye, 21150 Flavigny-sur-ozerain
",07 84 62 33 68
"L'ami D'pain 31 Av Charles De Gaulle, 25460 Etupes
",09 67 76 71 36
"Le Chateau De Farine 7 Che De Prabey, Zac Chateaufarine 25000 Besancon
",
"Boulangerie Patisserie Pimousse La Baguette Pimousse 31 Rue Pasteur, 21000 Dijon
",
"Boulangerie Patisserie Chagrot Maison Chagrot Maison Chagrot 5 Rue De Frasne, 39250 Mignovillard
",03 84 51 97 35
"Boulangerie Patisserie Chagrot 65 Av Edouard Herriot, 39300 Champagnole
",03 84 52 08 14
"Boulangerie Coeur De Pains 3 Rue Lucien Perriaux, 21200 Beaune
",03 45 63 82 26
"Boulangerie Coeur De Pains 33 Rte De Seurre, 21200 Beaune
",03 45 63 82 26
"B.b.g. La Manufacture Du Pain La Manufacture Du Pain 44 Gr Du Haut, 21410 Fleurey-sur-ouche
",03 80 53 34 02
"Aux Doux Fournils Le Fournil De Morteau - Le Fournil Du Lac - Le Fournil Du Larmont - Le Fournil Saonois 37 Av De L Armee De L Est, 25300 Pontarlier
",03 81 49 59 35
"Aux Doux Fournils 15 Rue De L Helvetie, 25500 Morteau
",
"Aux Doux Fournils 10 Grande Rue, 25660 Saone
",03 81 55 73 45
"Gandroz 38 Rue Louis Le Grand, 39140 Bletterans
",03 84 85 12 18
"Juin & Eisenhower 12 Rue Du Tertre, 39380 Nevy-les-dole
",
"Llorens Boulangerie Llorens 81 81 Grande Rue, 39190 Cousance
",03 84 35 36 75
"Aux Pains D'aurele Aux Pains D'aurele Aux Pains D'aurele 7 Pl De La Fidelite, 39230 Sellieres
",03 84 25 70 34
"Sarl Floreva Floreva 29 Quai Veil Picard, 25000 Besancon
",
"Sarl Deschamps-jeanguyot Maison Deschamps Maison Deschamps 14 Rte De Gray, 25000 Besancon
",03 81 26 59 91
"Boulangerie Familiale Oudot 577 Crs De Gray, 21850 Saint-apollinaire
",03 80 57 47 79
"Boulangerie Familiale Oudot Les Halles Centrales, Stand 26d 21000 Dijon
",
"Olea Maison Roger 1 Av Marechal Foch, 21000 Dijon
",03 80 28 59 36
"L'epi Du Faubourg Pl Du Bel-air, 39330 Mouchard
",
"L'epi Du Faubourg La Mi Do Re 25 Rue De La Republique, 39110 Salins-les-bains
",
"Alialys Petrin Ribeirou Petrin Ribeirou 1 Voie Des Agasses, 25220 Chalezeule
",03 81 80 53 01
"Sarl Gourmandises Du Fournil 10 Rte De Torpes, 25320 Grandfontaine
",03 81 58 61 84
"Boulangerie Des Tilleroyes Aux Petits Delices Boulangerie Des Tilleroyes Aux Petits Delices 59 Grande Rue, 25170 Recologne
",
"Le Fournil De L'aubes ' Pain 7 Rue Alexis Colin, 21150 Venarey-les-laumes
",03 80 96 04 54
"Le Fournil De L'aubes ' Pain 36 Av De Dijon, 21150 Venarey-les-laumes
",03 80 96 04 54
"Le Fournil De L'aubes ' Pain Rue Saint-pierre, 21510 Aignay-le-duc
",03 80 81 07 15
"Eurl Chevalier Patissier Chocolatier Chevalier 47 Grande Rue, 39380 Chamblay
",06 30 80 47 78
"Germain Le Levain 19 Rue Du Stand, 25300 Pontarlier
",
"Sarl Carrieri Boulangerie De Stalingrad Boulangerie De Stalingrad 2 Av Franklin D Roosevelt, 21000 Dijon
",
"Aux Secrets De Fernand 15 Rue Edme Millot, 21350 Vitteaux
",09 72 80 89 59
"Le Fournil De L'isle 14 Rue Marechal De Lattre De Tassigny, 25250 L'isle-sur-le-doubs
",03 81 92 73 29
"Les Gourmandises De Morey 18 Pl Du Monument, 21220 Morey-saint-denis
",03 80 42 94 57
"Terre De Pains Fournil Terre De Pains 11 Che De Chenevre, 39110 La Chapelle-sur-furieuse
",06 78 15 57 42
"Boulangerie Patisserie Cyril Bondon 37 Rte Nationale, 39190 Beaufort-orbagna
",03 84 25 00 74
"Judechan 34 Grande Rue, 25770 Franois
",
"Patmibeline 4 Rue Fagon, 21700 Nuits-saint-georges
",
"Demeusy Et Cie Maison Demeusy La Tradition Du Gout 76 Rue Rene Marti, 25460 Etupes
",
"Demeusy Et Cie Maison Demeusy La Tradition Du Gout Depuis 1922 49 Rue De Belfort, 25400 Audincourt
",
"La Tuile Gourmande 86 Quai De La Seille, 39140 Ruffey-sur-seille
",
"Les Delices De Venise Les Delices De Venise 17 Rue Xavier Marmier, 25000 Besancon
",
"Celine Et Jonathan Fivel 52 Rue De Vesoul, 25000 Besancon
",03 81 50 27 84
"Au Pain D'antan Au Pain D'antan La Marjorie Nord, Centre Commercial 39000 Lons-le-saunier
",03 84 43 16 49
"La Friandine 48 Gr Rue, 39410 Saint-aubin
",
"Celine Et Jonathan Fivel 12 Rue Bersot, 25000 Besancon
",
"La Friandine 2 Rue De La Milliere, 39700 Rochefort-sur-nenon
",
"Le Palais Des Pains Le Palais Des Pains Artisan Boulanger Patissier 69 Rue De Dole, 25000 Besancon
",03 81 84 26 64
"Sarl Denimal Pere Et Fils 2 Pl De La Mairie, 21200 Bligny-les-beaune
",
"Boulangerie-patisserie Perrigot 39 Rte De Dijon, 21110 Longecourt-en-plaine
",03 80 39 87 79
"La Friandine 29 Rue De Dole, 39500 Tavaux
",
"La Symphonie Des Bles Sarl Gandroz 1 Pl De La Liberte, 39700 Fraisans
",03 63 43 06 11
"Ct Mathey Ct Mathey Ct Mathey 5383 Rue De La Combe Du Puits, 25480 Ecole-valentin
",03 81 26 18 92
"Isi Padoucci 1 Pl De La Republique, 21210 Saulieu
",
"Societe Bourguignonne De Patisserie 5 Rte De Moncey, 25870 Thurey-le-mont
",
"Societe Bourguignonne De Patisserie 24 Rue Du Champ Guillaume, 21190 Tailly
",
"Au Fournil De Mon Enfance Au Fournil De Mon Enfance 9 Rue Du Bourg, 21110 Longchamp
",
"J.c.e. 35 Rue De Belfort, 25000 Besancon
",03 81 80 25 63
"Plus Belle La Boulangerie Plus Belle La Boulangerie Plus Belle La Boulangerie 54 Grande Rue, 25170 Recologne
",03 81 62 07 04
"Groupe Emile Parisse Emile Parisse Rue Charles Andre Remi Arnoult, 21700 Nuits-saint-georges
",03 80 41 59 52
"La Romane 577 Crs De Gray, 21850 Saint-apollinaire
",
"La Romane Rue De La Vigne Aux Chiens, Centre Commercial De La Fleuriee 21850 Saint-apollinaire
",
"Groupe Emile Parisse Emile Parisse Emile Parisse 3 Rue Vaillant, 21000 Dijon
",03 80 29 96 28
"A Croquer A Croquer 32 Rue De La Gare, 25800 Valdahon
",03 81 56 33 89
"Boulangerie Georget Boulangerie Georget 2 Rue Ferdinand Mercusot, 21540 Sombernon
",03 80 40 09 04
"Sarl Cathie Mathieu Paget 52 Rue Saint Desire, 39000 Lons-le-saunier
",03 84 47 75 51
"Sarl Cathie La Croquantine 29 Rue Du Commerce, Et 31 Et 33 Rue Du Commerce 39000 Lons-le-saunier
",
"Sas Nt.ga 9 Grande Rue, 21120 Marcilly-sur-tille
",
"Sarl ""gomez-jonquet"" 85 Av Mal De Lattre De Tassigny, 39100 Dole
",
"La Fournee Losnoise La Fournee Losnoise La Fournee Losnoise 4 Rte Nationale, 21170 Losne
",03 80 29 03 92
"Sas Nt.ga 40 Rue Dominique Ancemot, 21120 Is-sur-tille
",
"Sas Nt.ga Croustille Pain 38 Rue D'aval, 21120 Til-chatel
",
"Les Papilles Maison Viennet 1861 11 Le Beugnon, 25570 Grand'combe Chateleu
",
"Sas Nt.ga Au Fournil D'alice Et Marie Au Fournil D'alice Et Marie 12 Rue Francois Mitterand, 21120 Is-sur-tille
",03 80 95 48 57
"Les Papilles Maison Viennet 1861 7 Rue Des Sapins, 25650 Gilley
",
"Les Trefles Maison Viennet 1861 Le Col Des Roches, 25130 Villers-le-lac
",
"Les Trefles Maison Viennet 1861 3 Rue Pierre Bercot, 25130 Villers-le-lac
",
"Gerriet Benjamin 5 Rue Andre Gleitz, 39100 Champvans
",09 84 47 30 17
"Le Chat Des Noisettes Le Chat Des Noisettes 8 Rue De L'ecole, 25330 Deservillers
",06 37 02 72 20
"Boulangerie Patisserie Chez Aurelie Et Yohan Boulangerie Patisserie Chez Aurelie Et Yohan Banette 6 Rue Roussin, 39260 Moirans-en-montagne
",03 84 42 00 62
"Au Petit Villers 19 Rue Armand Roux, 21130 Villers-les-pots
",
"La Mi Do Re La Mi Do Re La Mi Do Re 56 Rue Mirabeau, 25220 Chalezeule
",09 73 55 60 38
"Ei Le Levain La Vie 56 Rue Des Perrieres, Appt 57 21000 Dijon
",
"L'epicerie Du Bord De L'eau 16 Rte De Besancon, 25930 Lods
",
"Au Bon Pain 16 Bd Winston Churchill, 16-18 25000 Besancon
",
"Les Granges Le Pain Des Granges 46 Av General De Gaulle, 21130 Auxonne
",03 80 66 11 11
"Au Bon Pain 6 All Des Glaieuls, 25000 Besancon
",
"La Fabrique La Fabrique Maison Perrin La Fabrique Maison Perrin 44 Av Francoise Giroud, 21000 Dijon
",09 67 18 84 32
"Boulangerie D'agnes Et Cedrik 41 Grande Rue, 21700 Corgoloin
",
"Vincent Chavelet 20 Rue Charles De Gaulle, 25410 Saint-vit
",
"Le Fournil De Jean-marc 25 Grande Rue, 25750 Aibre
",03 81 91 43 23
"Laidet Anthony Com'1 Chou Com'1 Chou Rue De La Petite Fin, 21490 Saint-julien
",
"La Petite Epicerie La Petite Epicerie 16 Rte Des Gorges De Nouailles, 25920 Mouthier-haute-pierre
",03 39 73 20 40
"Decoeur 1 Rue Du Miroir, 21700 Comblanchien
",03 80 23 75 68
"Apdmgp 2 Rue Piron, Angle De La Place Bossuet Et Du 21000 Dijon
",
"Apdmgp Au Pain De Mon Grand Pere Pl Bossuet, 2 Rue Piron 21000 Dijon
",03 80 42 39 62
"Kardes & Abdul Kardes & Abdul 60 Rue De Salins, 25300 Pontarlier
",
"La Boulange La Boulange La Boulange 37 Rue Berbisey, 21000 Dijon
",
"4 Rue Route D'auxonne, Route D'auxonne ""la Ferme De L'aubepin 39290 Moissey
",
"Tanniao Maison Roger 70 Rue Du Transvaal, 21000 Dijon
",
"Eurl Ferrari Romain Boulangerie Des Deux Rivieres Boulangerie Des Deux Rivieres 23 Grande Rue, 25190 Saint-hippolyte
",
"L'atelier D'angelique Et Frederic 4 Rue Louis Barthou, 21250 Seurre
",03 80 22 57 69
"Boulangerie Thierot 2 Gr Rue, 39800 Buvilly
",03 84 37 90 40
"Sarl Germain-romer Clement & Astrid 34 Grande Rue, 25770 Franois
",03 63 35 22 44
"28 Rue Paradis, 21200 Beaune
",
"Boulangerie Tresse Nathalie Et Anne 267 Crs De Gray, 21850 Saint-apollinaire
",03 80 19 29 11
"Boulangerie De La Rep Boulangerie De La Rep Boulangerie De La Rep 38 Rue De La Republique, 21250 Seurre
",
"Thoret-flore 32 Rte De Dijon, 21110 Thorey-en-plaine
",03 80 79 13 78
"Sarl Bertrand La Boulangerie Des Trois Lions 1 Pl Henri Lissac, 39400 Hauts De Bienne
",03 84 33 03 88
"La Ganache La Ganache 33 Rue Marechal Leclerc, 39100 Dole
",
"Maison Peronne 12 Pl Du Monument, 21190 Puligny-montrachet
",03 80 21 38 29
"Aux Delices De Sandrine Sandrine Et Francois Aux Delices De Sandrine 21 Rue Du Chateau, 21320 Commarin
",03 80 49 26 72
"Aux Delices De Sandrine 10 Pl De La Liberation, 21320 Pouilly-en-auxois
",03 58 03 26 39
"Le Fournil Franc-comtois Le Fournil Franc-comtois 2 Rte Nationale, 39100 Parcey
",03 84 69 46 54
"Boulangerie Bouillot Boulangerie Bouillot Boulangerie Bouillot 2 Rue Monge, 21200 Beaune
",03 80 24 10 38
"Le Fournil Saugeais 6 Av Jean De Lattre, 25650 Gilley
",03 81 43 37 14
"La Boulangerie Du Rocher 9 Av Gaston Renaud, 25340 Pays-de-clerval
",09 51 90 53 85
"Sarl Truchot Festival Des Pains Le Martinet Du Bas, 39110 Salins-les-bains
",03 84 73 34 98
"Lt2n Boulangerie Nicolas Et Nadege Amate 32 Rue Lecourbe, 39000 Lons-le-saunier
",
"Malyma 69 Rue De Dole, 25000 Besancon
",
"Aux Plaisirs Des Gourmands 41 Gr Rue, 39120 Chaussin
",
"La Boul'ange La Boul'ange La Boul'ange 129 Rue De La Fontaine, 39230 Passenans
",
"Boulangerie Patisserie Rabuteau 44 Rue Du Marche, 21210 Saulieu
",03 80 64 18 72
"Boulangerie Patisserie Rabuteau Maelle Maelle 12 Rue Des Fours, 21210 Saulieu
",03 80 64 18 72
"Le Bonjour 26 Pl Des Lumieres, 25000 Besancon
",
"Phil & Pat Boulangerie Patisserie Petit 25 Rue Du Bas, Les Piards 39150 Nanchez
",
"La Boulangerie Du Palais 39 Av Du Lac, 21000 Dijon
",
"La Sabliere 20 Rue De La Sabliere, 21000 Dijon
",03 71 19 82 31
"Boulangerie Patisserie Murielle & Davy Hugonnet Maison De St Honore 6 Rte De Pontailler, 21270 Maxilly-sur-saone
",
"L'amour Du Pain L'amour Du Pain 16 Rue Felix Bougeot, 25110 Baume-les-dames
",03 81 84 06 48
"La Boulang' Au Petrin Baumois Au Petrin Baumois Esp Du Breuil, 25110 Baume-les-dames
",03 81 86 98 07
"Sarl Marcelino Boulangerie Du Val D'amour Boulangerie Du Val D'amour 7 Rue Jules Grevy, 39380 Mont-sous-vaudrey
",03 84 81 50 15
"7 Rue De La Premiere Armee, 21110 Longeault-pluvault
",
"Sarl Dervin Banette 48 Rue De La Republique, 21340 Nolay
",03 80 21 71 96
"Lpdm Le Pain Du Marche Rue St Roch, 21500 Montbard
",
"Le Daheron 5 Pl De La Liberte, 39000 Lons-le-saunier
",
"Abck 10 Rue Du General Leclerc, 25200 Montbeliard
",
"Patisserie Alexandre Vuez Patisserie Alexandre Vuez Patisserie Alexandre Vuez 13 Pl De La Mairie, 25370 Les Hopitaux-neufs
",03 81 38 37 24
"La Porteuse De Pains La Porteuse De Pains 6a Rue Paul Auban, Zone Commerciale La Mirebelle 21310 Mirebeau-sur-beze
",03 80 56 66 66
"Guenon 25 Rue De Dijon, 21560 Arc-sur-tille
",
"Les Cabanes A Pain 2 Rue Jean Wyrsch, 25000 Besancon
",
"Tyrode Le Relais Des Saveurs 1 Res Rau De Bouy, 25660 Montfaucon
",03 63 35 28 56
"Du Pain Pour Demain Du Pain Pour Demain Du Pain Pour Demain 22 Rue Au Bouchet, 21000 Dijon
",03 80 72 03 06
"Clomius Chs De L Europe, 21400 Chatillon-sur-seine
",
"Patachou Patachou Patachou 71 Rue Antoine Masson, 21130 Auxonne
",03 80 65 14 54
"Le Petrin Des Saveurs 10 Grande Rue, 25360 Nancray
",03 81 55 21 24
"La Genine 4 Rue De Maltrou, 25520 Sombacour
",
"Le Fournil De Fontaine 72 Rue Du Faubourg St Martin, 21121 Fontaine-les-dijon
",03 80 58 23 46
"Boulangerie Jeannin Boulangerie Jeannin Boulangerie Jeannin 1 Rue Du Pont De Pouilley, 25410 Saint-vit
",03 81 87 55 17
"Boulangerie Patisserie Du Couvent 4 Rue St Ursanne, 25190 Saint-hippolyte
",03 81 96 55 42
"Boulangerie C.w. Boulangerie Chez William 3 Rue Marulaz, 25000 Besancon
",
"Bernardin Boulangerie Le B 2 Rue Gustave Eiffel, 21200 Beaune
",03 80 26 08 69
"Vancon La Belineenne La Belineenne 8 Rte De Beaune, 21360 Bligny-sur-ouche
",
"La Valentine 45 Bd Leon Blum, 25000 Besancon
",03 81 63 19 00
"Societe Poiffaut Gerald 12 Rue Francois Xavier Bichat, Zone Commerciale Des Grandes Epenottes 39100 Dole
",
"Boulangerie Du Craquelin Boulangerie Du Craquelin 5 Pl Du Craquelin, 21230 Arnay-le-duc
",03 80 90 19 58
"Billod-laillet Bla-bla 2 Rte De Besancon, 25210 Bonnetage
",
"Societe Poiffaut Gerald 8 Rue De Dole, 39100 Sampans
",
"Bernardin 2 Rue Des Grandes Varennes, 21121 Ahuy
",
"Sarl Maison Aubert 11 Rte De Fontaine Francaise, 21490 Varois-et-chaignot
",
"Eurl Picot Boulangerie De La Loue 18 Grande Rue, 25440 Chenecey-buillon
",03 81 60 32 11
"La Boulangerie Du Rond-point 43 Grande Rue Du Meix, 39230 Lombard
",
"E.j.k. 8 Rue Charles Dullin, 21240 Talant
",
"Bonvalot-seigne Le Fournil D'epenoy 23 Grande Rue, 25800 Epenoy
",
"Bonvalot-seigne Le Fournil D'epenoy 1 Rue Du Chateau, 25530 Vercel-villedieu-le-camp
",03 81 56 23 02
"O Fournil De Beure 55 Rue De Besancon, 25720 Beure
",03 81 88 02 29
"Tahnae Tahnae Kade Koffi 41 Av Marechal Juin, 39100 Dole
",03 84 81 51 95
"Tahnae Au Fournil De L'eglise 89 Rte Nationale, 39500 Tavaux
",
"Tahnae 7 Av Eisenhower, 39100 Dole
",
"Le 7eme Peche 11 Pl De L'hotel De Ville, 21190 Meursault
",03 80 21 21 08
"A2vg La Tradition Du Loup 2 Rte De Quingey, 25320 Boussieres
",03 81 56 51 71
"Aux 3 Epis Aux 3 Epis Aux 3 Epis 23 Rue Travot, 39800 Poligny
",03 63 86 11 84
"Societe Hugel Laurent Et Patricia 15 Rue Du Docteur Andre Barbier, 21000 Dijon
",
"Wanaka La Mie Caline La Mie Caline 1 Pl Denfert Rochereau, 25200 Montbeliard
",03 81 91 31 07
"Maison Paroty 1 Rue Ez Penottes, 25 27 Rue Des Ateliers Et 21000 Dijon
",
"Sas Cronin Michael Le Fournil De Grand-charmont 25 Rue Pierre Curie, 25200 Grand-charmont
",06 32 57 88 61
"Treffot La Salinoise La Salinoise 30 Rue Des Salines, 39000 Lons-le-saunier
",03 84 47 21 49
"Boulangerie Patisserie Thaurin Thaurin Artisan Boulanger Patissier Rue Cret Du Bief, 39170 Lavans-les-saint-claude
",03 84 41 24 73
"Eurl Matthieu Zeeh 5 Pl Du Centre, 25150 Dambelin
",03 81 30 80 66
"Crs Boulangerie Paul Av De Bourgogne, Centre Commercial Grand Quetigny 21800 Quetigny
",03 80 46 05 87
"B.p.t.s. Boulangerie Des 2 Lacs Boulangerie Des 2 Lacs 2 Rue De La Garde, 39130 Clairvaux-les-lacs
",03 84 44 29 00
"Crs Boulangerie Paul 21 Rue Musette, 21-23 21000 Dijon
",03 59 28 98 53
"Boulangerie Weil 48 Av Jacques Duhamel, 39100 Dole
",03 84 79 07 20
"Aqy 11 Rue Du Commerce, 21800 Quetigny
",
"Robinet Le Four A Bois 14 Grande Rue, 25320 Chemaudin Et Vaux
",
"O Fournil De Mandeure A La Boul'ange A La Boul'ange 50 Rue Du 17 Novembre, 25350 Mandeure
",
"Invest Dj La Mie De Pain 17 Bd Du Champ Aux Metiers, 21800 Quetigny
",09 67 89 93 96
"Boulangerie Des Trois Ponts Boulangerie Des Trois Ponts Boulangerie Des Trois Ponts Pl Osburg, Les Rives De L'ouche 21370 Velars-sur-ouche
",03 80 35 13 97
"La Fournee Du Revermont 55 Rue Louis Le Grand, 39140 Bletterans
",
"La Fournee Du Revermont 497 En Poirier Dore, 39570 Villeneuve-sous-pymont
",
"La Fournee Du Revermont 5 Rte Nationale, 39190 Sainte-agnes
",03 84 48 35 42
"Boulangerie Chabert Boulangerie Chabert 66 Rue De Longvic, 21000 Dijon
",03 80 47 77 97
"La Choupatie La Choupatie 17 Rue Centrale, 25230 Dasle
",03 81 34 14 48
"N.a.s 3 Rue Du Doubs, 25400 Audincourt
",
"Le Chapitre De Melanie 58 Rue Du Chapitre, 21000 Dijon
",03 80 41 01 95
"Au Ble Moulu 42 Grande Rue, 25640 Roulans
",03 81 55 51 06
"La Mie Joly La Mie Joly La Mie Joly 22 Rue De La Velle, 25380 Belleherbe
",03 81 44 30 74
"Menetrier 3 Pl Xavier Authier, 25370 Metabief
",
"La Mie Joly 15 Grande Rue, 25430 Sancey
",03 81 57 81 53
"Aux Petits Pains Des Arcades La Boulangerie Des Arcades 36 Pl De La Liberte, 39600 Arbois
",03 84 66 07 86
"Boulangerie Debord Ludovic 1 Rue Du Magasin, 39300 Pont-du-navoy
",03 84 52 50 11
"Bouhot Ii 12 Rue Voltaire, 21140 Semur-en-auxois
",03 80 97 06 92
"Au Four A Bois 91 Rue D Audincourt, 25230 Seloncourt
",09 88 58 00 99
"Boulangerie La Mie Comtoise 20 Rue Du General De Gaulle, 25450 Damprichard
",03 81 44 45 21
"Boulangerie Bonaccio 3 Av Lucien Febvre, 39160 Saint-amour
",03 84 48 71 87
"Agnello 64 Rue Du Faubourg Madeleine, 21200 Beaune
",
"Murgia 46 Av Leo Lagrange, 25000 Besancon
",
"Aux Delices De Montbenoit 23 Rue Du Val Saugeais, 25650 Montbenoit
",
"Les Co'pains D'abord Les Co'pains D'abord 7 Rue De La Liberte, 21000 Dijon
",
"Boulangerie Patisserie A.p.a. Boulangerie Patisserie A.p.a. 52 Rue Basse, 39570 Conliege
",
"Loden 13 Rue De Besancon, 39100 Dole
",
"Boulangerie Patisserie A.p.a. Boulangerie Patisserie A.p.a. 6 Rue De La Carriere, 39570 Hauteroche
",03 84 48 31 44
"Jeanson Au Rond Point Gourmand Au Rond Point Gourmand 91 Av Aristide Briand, 21000 Dijon
",03 80 79 49 07
"Dirand Philippe Au Four Et Au Moulin Au Four Et Au Moulin 43 Grande Rue, 21160 Perrigny-les-dijon
",
"Boulangerie Valentin Boulangerie Valentin Boulangerie Valentin 9 Rue Du Chatelet, 39160 Saint-amour
",
"Vieira Da Silva A'telier Du Pain 12 Rue Gustave Courbet, 25000 Besancon
",
"La Mie'tie La Mie'tie La Mie'tie 19 Rue De L'eglise, 39210 Domblans
",03 84 35 69 96
"Anguenot Sebastien Sasu Anguenot Sebastien Le Palais Des Delices 2 Rue Du Village, 25870 Cussey Sur L'ognon
",
"Festi-pain Planoise Festi De Cassin Festi Ile De France Festi De Cassin Festi Ile De France 5 Pl Rene Cassin, 25000 Besancon
",
"Boulangerie O Pains Du Lac O Pains Du Lac O Pains Du Lac 35 Rue De L Artisanat, 39220 Les Rousses
",03 84 60 12 80
"Fougeray Boulangerie Fougeray Boulangerie Fougeray 20 Rue De Besancon, 25320 Montferrand-le-chateau
",03 81 56 57 39
"La Mie Pain Pain 12 Rue Principale, 25250 Mancenans
",
"La Pause Gourmande De Marie La Pause Gourmande De Marie La Pause Gourmande De Marie 179 Av Marechal Juin, 39100 Dole
",03 84 79 52 36
"La Fee Chocola't Rue Nicolas Appert, 39800 Poligny
",03 84 37 14 30
"La Mie Pain Pain 2 Rue De La Fontaine, Clerval 25340 Pays-de-clerval
",03 63 02 44 00
"Amj2c Le Fournil Du Mont D'or Le Fournil Du Mont D'or 8 Rte De La Poste, 25370 Les Hopitaux-neufs
",03 81 49 11 18
"Amj2c Le Fournil Du Mont D Or Le Fournil Du Mont D Or 29 Rue Saint Jean, 25370 Rochejean
",03 81 49 90 24
"Caboulot 21 Caboulot 21 2 Rue De Montbard, 21400 Coulmier-le-sec
",03 45 22 93 95
"Boulangerie Prudent Le Rudibonpain 40 Rue De Besancon Francois Mitterrand, 25150 Pont-de-roide-vermondans
",03 81 92 41 21
"Crelier Fils 63 Grande Rue, 25400 Audincourt
",
"Battistolo Pierre 80 Rue Du General De Gaulle, 25420 Bart
",03 81 91 78 97
"La Flute Enchantee 1 Rue De La Liberation, 25350 Mandeure
",03 81 30 01 74
"La P'tite Manon 1 Rue Du Clos Des Aiges, 21121 Ahuy
",03 80 43 32 90
"Richeton Freres 2 Rue Des Salines, 25440 Quingey
",03 81 63 60 72
"Ma Boulange 5 Rte De Chatillon, 25870 Chatillon-le-duc
",03 63 35 47 94
"Alexandre Moine Aux Delices De Messigny Aux Delices De Messigny 2 Pl De L'eglise, 21380 Messigny-et-vantoux
",03 80 35 45 38
"Sarl Girod-briot Boulangerie Cedric Et Maryline 5 Av Commandant Marceau, 25000 Besancon
",03 81 51 54 89
"Chez Binet Chez Binet Chez Binet 3 Grande Rue, 25360 Passavant
",03 81 60 44 41
"Le Four A Bois Le Four A Bois Le Four A Bois En Curtil, 39300 Vannoz
",03 84 51 83 37
"S'cie L'atelier D'oceane 20 Rue De Dampierre, 25420 Voujeaucourt
",03 81 90 15 36
"O'p'tit Glouton O'p'tit Glouton 4 Rte De Dijon, 21250 Pouilly-sur-saone
",03 80 21 11 50
"Maison Schori 2 Rue Sous La Roche, 25550 Presentevillers
",
"Boulangerie Genlis La Grange A Pain La Grange A Pain 57 Av General De Gaulle, 21110 Genlis
",09 83 82 40 85
